order_id,latitude,longitude
ORD-001,28.497672,77.251675
ORD-002,28.650987,77.224983
ORD-003,28.510696,77.295249
ORD-004,28.587743,77.20025
ORD-005,28.689075,77.167066
ORD-006,28.68734,77.229726
ORD-007,28.646866,77.114239
ORD-008,28.670556,77.123015
ORD-009,28.632232,77.169679
ORD-010,28.592516,77.293694
ORD-011,28.540118,77.221205
ORD-012,28.565349,77.183291
ORD-013,28.640585,77.14387
ORD-014,28.608783,77.251609
ORD-015,28.512499,77.176006
ORD-016,28.536492,77.30321
ORD-017,28.515525,77.130096
ORD-018,28.558534,77.211485
ORD-019,28.497305,77.150487
ORD-020,28.554577,77.207783
ORD-021,28.514724,77.261175
ORD-022,28.579925,77.217755
ORD-023,28.552838,77.192143
ORD-024,28.533135,77.119212
ORD-025,28.583748,77.174762
ORD-026,28.686722,77.258669
ORD-027,28.680411,77.175188
ORD-028,28.627819,77.283678
ORD-029,28.677983,77.272469
ORD-030,28.626976,77.198205
ORD-031,28.519239,77.303642
ORD-032,28.601088,77.112173
ORD-033,28.675604,77.2851
ORD-034,28.504532,77.21413
ORD-035,28.621581,77.14619
ORD-036,28.568557,77.15618
ORD-037,28.69384,77.257162
ORD-038,28.69434,77.108203
ORD-039,28.59882,77.22354
ORD-040,28.53996,77.220234
ORD-041,28.701356,77.143576
ORD-042,28.570478,77.178086
ORD-043,28.709526,77.103423
ORD-044,28.511583,77.172614
ORD-045,28.519328,77.298903
ORD-046,28.712649,77.301897
ORD-047,28.525275,77.181273
ORD-048,28.574192,77.094618
ORD-049,28.537699,77.130766
ORD-050,28.499225,77.293136